ID,Name,Description,CLTS_BIPA,CLTS_Name
i_u0069u0259u032F,iə̯,,iə̯,from unrounded close front to non-syllabic unrounded mid central diphthong
lg_u006Cu032Au02E0,l̪ˠ,,l̪ˠ,velarized voiced dental lateral approximant consonant
o_u006Fu0324u02D1,o̤ˑ,,o̤ˑ,mid-long breathy rounded close-mid back vowel
ou_u006Fu028A,oʊ,,oʊ,from rounded close-mid back to rounded near-close near-back diphthong
b_u0253u02D0,ɓː,,ɓː,long voiced bilabial implosive consonant
t_u0074u032Au003A,t̪:,,t̪ː,long voiceless dental stop consonant
o_u006Fu02D0u02E4,oːˤ,,oˤː,long pharyngealized rounded close-mid back vowel
l_u006Cu032A,l̪,,l̪,voiced dental lateral approximant consonant
tt_u0074u0074,tt,,tt,from voiceless alveolar stop to voiceless alveolar stop cluster
hj_u0068u02B2u02D0,hʲː,,hʲː,palatalized long voiceless glottal fricative consonant
th_u0074u032Au02B0,t̪ʰ,,t̪ʰ,aspirated voiceless dental stop consonant
dh_u0256u02B0,ɖʰ,,ɖʰ,aspirated voiced retroflex stop consonant
m_u006Du02E4,mˤ,,mˤ,pharyngealized voiced bilabial nasal consonant
tsh_u0074u0073u02B0,tsʰ,,tsʰ,aspirated voiceless alveolar sibilant affricate consonant
m_u006Du02D0,mː,,mː,long voiced bilabial nasal consonant
k_u006Bu0027,k',,kʼ,voiceless velar ejective stop consonant
wi_u0077u0069,wi,,,
ig_u026Au02E0,ɪˠ,,ɪˠ,velarized unrounded near-close near-front vowel
ks_u006Bu0073,ks,,,
ngg_u014Bu0067,ŋg,,ŋg,from voiced velar nasal to voiced velar stop cluster
ei_u025Bu0069,ɛi,,ɛi,from unrounded open-mid front to unrounded close front diphthong
p_u0070u02BC,pʼ,,pʼ,voiceless bilabial ejective stop consonant
tnw_u1D57u006Eu02B7,ᵗnʷ,,,
u_u0075u0259,uə,,uə,from rounded close back to unrounded mid central diphthong
dh_u0256u02D0u02B1,ɖːʱ,,ɖʱː,long breathy voiced retroflex stop consonant
g_u0067u01C3,gǃ,,gǃ,voiced alveolar click consonant
eo_u025Bu006Fu032F,ɛo̯,,ɛo̯,from unrounded open-mid front to non-syllabic rounded close-mid back diphthong
o_u006Fu0303u02D0,õː,,õː,long nasalized rounded close-mid back vowel
tn_u1D57u032Au006Eu032A,ᵗ̪n̪,,,
u_u0075u0259u032F,uə̯,,uə̯,from rounded close back to non-syllabic unrounded mid central diphthong
nd_u004Eu0064,Nd,,,
w_u026Fu0324,ɯ̤,,ɯ̤,breathy unrounded close back vowel
tsj_u0074u0073u02B2,tsʲ,,tsʲ,palatalized voiceless alveolar sibilant affricate consonant
t_u0074,t,,t,voiceless alveolar stop consonant
e_u0065u02D0,eː,,eː,long unrounded close-mid front vowel
eu_u0065u0075u032F,eu̯,,eu̯,from unrounded close-mid front to non-syllabic rounded close back diphthong
dh_u0064u032Au02B1u02D0,d̪ʱː,,d̪ʱː,long breathy voiced dental stop consonant
j_u006Au02D0,jː,,jː,long voiced palatal approximant consonant
oi_u0254u026A,ɔɪ,,ɔɪ,from rounded open-mid back to unrounded near-close near-front diphthong
o_u0254u02D0u02E4,ɔːˤ,,ɔˤː,long pharyngealized rounded open-mid back vowel
e_u0065u0324u02D1,e̤ˑ,,e̤ˑ,mid-long breathy unrounded close-mid front vowel
pw_u0070u02B7u02BC,pʷʼ,,pʼʷ,labialized voiceless bilabial ejective stop consonant
oey_u0153u028F,œʏ,,œʏ,from rounded open-mid front to rounded near-close near-front diphthong
k_u006B,k,,k,voiceless velar stop consonant
s_u0073u02E4,sˤ,,sˤ,pharyngealized voiceless alveolar sibilant fricative consonant
o_u0275u02D0,ɵː,,ɵː,long rounded close-mid central vowel
aei_u00E6u0069u032F,æi̯,,æi̯,from unrounded near-open front to non-syllabic unrounded close front diphthong
nw_u006Eu02B7,nʷ,,nʷ,labialized voiced alveolar nasal consonant
rw_u0281u02B7,ʁʷ,,ʁʷ,labialized voiced uvular fricative consonant
u_u0075u031Eu02D0,u̞ː,,u̞ː,long lowered rounded close back vowel
ntsh_u004Eu0074u033Bu0073u033Bu02B0,Nt̻s̻ʰ,,,
i_u0069u031Eu02D0,i̞ː,,i̞ː,long lowered unrounded close front vowel
ae_u0061u025B,aɛ,,aɛ,from unrounded open front to unrounded open-mid front diphthong
s_u0073u02E4u02D0,sˤː,,sˤː,pharyngealized long voiceless alveolar sibilant fricative consonant
tsh_u0074u0282u02B0,tʂʰ,,ʈʂʰ,aspirated voiceless retroflex sibilant affricate consonant
oi_u0254u0069,ɔi,,ɔi,from rounded open-mid back to unrounded close front diphthong
t_u0074u032A,t̪,,t̪,voiceless dental stop consonant
tsh_u0288u0282u02B0,ʈʂʰ,,ʈʂʰ,aspirated voiceless retroflex sibilant affricate consonant
a_u0061,a,,a,unrounded open front vowel
ggh_u0067u0067u02B1,ggʱ,,ggʱ,from voiced velar stop to breathy voiced velar stop cluster
ey_u025Eu028Fu032F,ɞʏ̯,,ɞʏ̯,from rounded open-mid central to non-syllabic rounded near-close near-front diphthong
dj_u0064u02B2,dʲ,,dʲ,palatalized voiced alveolar stop consonant
tjnj_u0074u02B2u006Eu02B2,tʲnʲ,,,
g_u0067,g,,g,voiced velar stop consonant
z_u007Au033B,z̻,,z̻,voiced laminal alveolar sibilant fricative consonant
ndj_u006Eu0064u02B2,ndʲ,,ndʲ,from voiced alveolar nasal to palatalized voiced alveolar stop cluster
w_u0295u02B7u0294,ʕʷʔ,,,
ei_u0065u0069,ei,,ei,from unrounded close-mid front to unrounded close front diphthong
a_u0250u031D,ɐ̝,,ɐ̝,raised unrounded near-open central vowel
au_u0250u0075,ɐu,,ɐu,from unrounded near-open central to rounded close back diphthong
o_u0254,ɔ,,ɔ,rounded open-mid back vowel
j_u02C0u006A,ˀj,,ˀj,pre-glottalized voiced palatal approximant consonant
d_u0257u02D0,ɗː,,ɗː,long voiced dental implosive consonant
ll_u026Du026D,ɭɭ,,,
a_u0251u02D0,ɑː,,ɑː,long unrounded open back vowel
a_u0061u0330,a̰,,a̰,creaky unrounded open front vowel
ae_u00E6u0303u02D0,æ̃ː,,æ̃ː,long nasalized unrounded near-open front vowel
oo_u006Fu006Fu032F,oo̯,,o̯ː,long non-syllabic rounded close-mid back vowel
sj_u0073u02B2,sʲ,,sʲ,palatalized voiceless alveolar sibilant fricative consonant
ya_u0079u0251,yɑ,,yɑ,from rounded close front to unrounded open back diphthong
ch_u0063u02B0,cʰ,,cʰ,aspirated voiceless palatal stop consonant
y_u0079u02D0u02D0,yːː,,yːː,ultra-long rounded close front vowel
i_u028Cu0069,ʌi,,ʌi,from unrounded open-mid back to unrounded close front diphthong
bw_u03B2u02B7,βʷ,,βʷ,labialized voiced bilabial fricative consonant
w_u0295u02B7,ʕʷ,,ʕʷ,labialized voiced pharyngeal fricative consonant
ndz_u006Eu0064u0290,ndʐ,,nɖʐ,from voiced alveolar nasal to voiced retroflex sibilant affricate cluster
a_u0061u0303u02D0,ãː,,ãː,long nasalized unrounded open front vowel
e_u025Bu0303u02D0,ɛ̃ː,,ɛ̃ː,long nasalized unrounded open-mid front vowel
tch_u0074u0320u0255u02B0,t̠ɕʰ,,,
n_u0274,ɴ,,ɴ,voiced uvular nasal consonant
ea_u0065u0251,eɑ,,eɑ,from unrounded close-mid front to unrounded open back diphthong
a_u0252u02D0,ɒː,,ɒː,long rounded open back vowel
nth_u004Eu0074u02B0,Ntʰ,,,
vj_u0076u02B2,vʲ,,vʲ,palatalized voiced labio-dental fricative consonant
o_u006Fu0303u02E4,õˤ,,õˤ,pharyngealized nasalized rounded close-mid back vowel
vw_u0076u02B7,vʷ,,vʷ,labialized voiced labio-dental fricative consonant
wa_u0077u0061,wa,,,
bb_u0062u0062,bb,,bb,from voiced bilabial stop to voiced bilabial stop cluster
e_u0065u0324,e̤,,e̤,breathy unrounded close-mid front vowel
jo_u006Au006F,jo,,,
ai_u0061u02D0u0069,aːi,,aːi,from long unrounded open front to unrounded close front diphthong
ai_u0251u0069,ɑi,,ɑi,from unrounded open back to unrounded close front diphthong
e_u025B,ɛ,,ɛ,unrounded open-mid front vowel
o_u0254u02D0,ɔː,,ɔː,long rounded open-mid back vowel
rg_u027Eu02E0,ɾˠ,,ɾˠ,velarized voiced alveolar tap consonant
ngkw_u014Bu006Bu02B7,ŋkʷ,,ŋkʷ,from voiced velar nasal to labialized voiceless velar stop cluster
u_u0259u0289,əʉ,,əʉ,from unrounded mid central to rounded close central diphthong
pj_u0070u02B2,pʲ,,pʲ,palatalized voiceless bilabial stop consonant
ou_u006Fu0075u032F,ou̯,,ou̯,from rounded close-mid back to non-syllabic rounded close back diphthong
p_u0070u003A,p:,,pː,long voiceless bilabial stop consonant
je_u006Au025B,jɛ,,,
_u028Cu0303,ʌ̃,,ʌ̃,nasalized unrounded open-mid back vowel
ea_u0065u0061u02D0,eaː,,eaː,from unrounded close-mid front to long unrounded open front diphthong
uo_u0075u006F,uo,,uo,from rounded close back to rounded close-mid back diphthong
r_u0072u02E4,rˤ,,rˤ,pharyngealized voiced alveolar trill consonant
u_u0075u02D0u02D0,uːː,,uːː,ultra-long rounded close back vowel
b_u0294u0062,ʔb,,ʔb,from voiceless glottal stop to voiced bilabial stop cluster
u_u028Cu0075,ʌu,,ʌu,from unrounded open-mid back to rounded close back diphthong
b_u0253,ɓ,,ɓ,voiced bilabial implosive consonant
iu_u0069u02D0u0075,iːu,,iːu,from long unrounded close front to rounded close back diphthong
z_u007Au0325,z̥,,z̥,devoiced voiced alveolar sibilant fricative consonant
dg_u0064u032Au02E0,d̪ˠ,,d̪ˠ,velarized voiced dental stop consonant
trh_u0288u027Du02B0,ʈɽʰ,,,
e_u0065u02D0u02D0,eːː,,eːː,ultra-long unrounded close-mid front vowel
w_u0077u028C,wʌ,,,
t_u0074u0027,t',,tʼ,voiceless alveolar ejective stop consonant
sh_u0283u02B0,ʃʰ,,ʃʰ,aspirated voiceless post-alveolar sibilant fricative consonant
ia_u0069u0061,ia,,ia,from unrounded close front to unrounded open front diphthong
j_u029D,ʝ,,ʝ,voiced palatal fricative consonant
khw_u03C7u02B7u02D0,χʷː,,χʷː,labialized long voiceless uvular fricative consonant
dd_u0256u0256,ɖɖ,,ɖɖ,from voiced retroflex stop to voiced retroflex stop cluster
v_u0076,v,,v,voiced labio-dental fricative consonant
tjw_u0074u02B2u02B7,tʲʷ,,tʲʷ,palatalized labialized voiceless alveolar stop consonant
nph_u004Eu0070u02B0,Npʰ,,,
z_u007Au02D0,zː,,zː,long voiced alveolar sibilant fricative consonant
u_u0264,ɤ,,ɤ,unrounded close-mid back vowel
iw_u0069u0077,iw,,,
ou_u006Fu028Au0303,oʊ̃,,oʊ̃,from rounded close-mid back to nasalized rounded near-close near-back diphthong
j_u006A,j,,j,voiced palatal approximant consonant
w_u0077,w,,w,voiced labio-velar approximant consonant
ae_u00E6,æ,,æ,unrounded near-open front vowel
nn_u006Eu006E,nn,,,
fh_u0066u02B0,fʰ,,fʰ,aspirated voiceless labio-dental fricative consonant
oi_u006Fu0069,oi,,oi,from rounded close-mid back to unrounded close front diphthong
d_u0256u02D0,ɖː,,ɖː,long voiced retroflex stop consonant
b_u03B2,β,,β,voiced bilabial fricative consonant
tj_u0074u02B2,tʲ,,tʲ,palatalized voiceless alveolar stop consonant
aeo_u00E6u0254,æɔ,,æɔ,from unrounded near-open front to rounded open-mid back diphthong
qkh_u0071u03C7,qχ,,qχ,voiceless uvular affricate consonant
n_u207Fu01C3,ⁿǃ,,ⁿǃ,pre-nasalized voiceless alveolar click consonant
u_u0075u031E,u̞,,u̞,lowered rounded close back vowel
b_u03B2u031E,β̞,,β̞,voiced bilabial approximant consonant
nh_u006Eu02B1,nʱ,,nʱ,breathy voiced alveolar nasal consonant
p_u0070u02BCu02D0,pʼː,,pʼː,long voiceless bilabial ejective stop consonant
kh_u03C7,χ,,χ,voiceless uvular fricative consonant
z_u0292,ʒ,,ʒ,voiced post-alveolar sibilant fricative consonant
tw_u0288u02B7,ʈʷ,,ʈʷ,labialized voiceless retroflex stop consonant
eu_u025Bu0075,ɛu,,ɛu,from unrounded open-mid front to rounded close back diphthong
sh_u0073u02B0,sʰ,,sʰ,aspirated voiceless alveolar sibilant fricative consonant
v_u0076u0329,v̩,,v̩,syllabic voiced labio-dental fricative consonant
e_u0065u02E4,eˤ,,eˤ,pharyngealized unrounded close-mid front vowel
c_u0255u02D0,ɕː,,ɕː,long voiceless alveolo-palatal sibilant fricative consonant
rr_u0072u0072,rr,,,
h_u029C,ʜ,,ʜ,voiceless epiglottal fricative consonant
au_u0250u0289,ɐʉ,,ɐʉ,from unrounded near-open central to rounded close central diphthong
l_u006Cu003A,l:,,lː,long voiced alveolar lateral approximant consonant
nd_u207Fu0064,ⁿd,,ⁿd,pre-nasalized voiced alveolar stop consonant
aeu_u00E6u02D0u028A,æːʊ,,æːʊ,from long unrounded near-open front to rounded near-close near-back diphthong
ts_u0074u0073,ts,,ts,voiceless alveolar sibilant affricate consonant
pf_u0070u0066,pf,,pf,voiceless labio-dental affricate consonant
tch_u0074u0255u02B0,tɕʰ,,tɕʰ,aspirated voiceless alveolo-palatal sibilant affricate consonant
bw_u0062u02B7,bʷ,,bʷ,labialized voiced bilabial stop consonant
y_u028F,ʏ,,ʏ,rounded near-close near-front vowel
ntrh_u004Eu0288u027Du02B0,Nʈɽʰ,,,
oy_u0275u0079,ɵy,,ɵy,from rounded close-mid central to rounded close front diphthong
e_u0065u0308,ë,,ë,centralized unrounded close-mid front vowel
n_u0273,ɳ,,ɳ,voiced retroflex nasal consonant
nb_u207Fu0062,ⁿb,,ⁿb,pre-nasalized voiced bilabial stop consonant
kng_u006Bu014B,kŋ,,,
b_u0062u003A,b:,,bː,long voiced bilabial stop consonant
j_u006Au003A,j:,,jː,long voiced palatal approximant consonant
ndz_u004Eu0064u033Bu007Au033B,Nd̻z̻,,,
mbj_u006Du0062u02B2,mbʲ,,mbʲ,from voiced bilabial nasal to palatalized voiced bilabial stop cluster
r_u0279u02D0,ɹː,,ɹː,long voiced alveolar approximant consonant
i_u026A,ɪ,,ɪ,unrounded near-close near-front vowel
_u01C1u02BC,ǁʼ,,ǁʼ,voiceless alveolar ejective lateral click consonant
ei_u0065u026Au0303,eɪ̃,,eɪ̃,from unrounded close-mid front to nasalized unrounded near-close near-front diphthong
tsh_u0074u0283u02B0u02D0,tʃʰː,,tʃʰː,aspirated long voiceless post-alveolar sibilant affricate consonant
u_u0075u0303u02E4,ũˤ,,ũˤ,pharyngealized nasalized rounded close back vowel
dz_u0064u0320u0291,d̠ʑ,,,
ndz_u004Eu0064u0291,Ndʑ,,,
n_u0272,ɲ,,ɲ,voiced palatal nasal consonant
mv_u0271u0076,ɱv,,,
eu_u0065u0075,eu,,eu,from unrounded close-mid front to rounded close back diphthong
ua_u028Au02D0u0252u032Fu02E4,ʊːɒ̯ˤ,,ʊːɒ̯ˤ,from long rounded near-close near-back to pharyngealized non-syllabic rounded open back diphthong
g_u0263,ɣ,,ɣ,voiced velar fricative consonant
n_u006E,n,,n,voiced alveolar nasal consonant
a_u0061u0324u02D1,a̤ˑ,,a̤ˑ,mid-long breathy unrounded open front vowel
mf_u0271u0066,ɱf,,,
f_u0066,f,,f,voiceless labio-dental fricative consonant
au_u0061u0075,au,,au,from unrounded open front to rounded close back diphthong
pm_u0070u006D,pm,,,
u_u028Au0259,ʊə,,ʊə,from rounded near-close near-back to unrounded mid central diphthong
i_u0069u0330u0303,ḭ̃,,ḭ̃,nasalized creaky unrounded close front vowel
t_u0074u02D0,tː,,tː,long voiceless alveolar stop consonant
s_u0073u032A,s̪,,s̪,voiceless dental sibilant fricative consonant
i_u0069u0324u02D1,i̤ˑ,,i̤ˑ,mid-long breathy unrounded close front vowel
d_u00F0u031E,ð̞,,ɹ̪,voiced dental approximant consonant
gw_u0067u02B7,gʷ,,gʷ,labialized voiced velar stop consonant
t_u0074u02BC,tʼ,,tʼ,voiceless alveolar ejective stop consonant
j_u0294u006Au0330,ʔj̰,,,
nts_u006Eu0074u0283,ntʃ,,ntʃ,from voiced alveolar nasal to voiceless post-alveolar sibilant affricate cluster
au_u0061u0075u032F,au̯,,au̯,from unrounded open front to non-syllabic rounded close back diphthong
n_u006Eu0318,n̘,,,
m_u006Du003A,m:,,mː,long voiced bilabial nasal consonant
ia_u026Au032Fu0061,ɪ̯a,,ɪ̯a,from non-syllabic unrounded near-close near-front to unrounded open front diphthong
o_u00F8u02D0u02D0,øːː,,øːː,ultra-long rounded close-mid front vowel
dj_u0064u029D,dʝ,,,
i_u0069u02D1,iˑ,,iˑ,mid-long unrounded close front vowel
rj_u027Eu02B2,ɾʲ,,ɾʲ,palatalized voiced alveolar tap consonant
eg_u025Bu02E0u02D0,ɛˠː,,ɛˠː,long velarized unrounded open-mid front vowel
t_u0074u02E4u02D0,tˤː,,tˤː,pharyngealized long voiceless alveolar stop consonant
h_u029Cu02D0,ʜː,,ʜː,long voiceless epiglottal fricative consonant
n_u0272u02D0,ɲː,,ɲː,long voiced palatal nasal consonant
tnw_u0288u0273u02B7,ʈɳʷ,,,
uai_u0075u0061u0069,uai,,,
l_u026Cu02D0,ɬː,,ɬː,long voiceless alveolar lateral fricative consonant
tsh_u0074u0283u02B0,tʃʰ,,tʃʰ,aspirated voiceless post-alveolar sibilant affricate consonant
nj_u006Eu032Au02B2,n̪ʲ,,n̪ʲ,palatalized voiced dental nasal consonant
i_u0069u0294,iʔ,,,
u_u0289u0259,ʉə,,ʉə,from rounded close central to unrounded mid central diphthong
ai_u0061u026A,aɪ,,aɪ,from unrounded open front to unrounded near-close near-front diphthong
_u01C3u02BC,ǃʼ,,ǃʼ,voiceless alveolar ejective click consonant
ngw_u014Bu02B7,ŋʷ,,ŋʷ,labialized voiced velar nasal consonant
ue_u0264u0065,ɤe,,ɤe,from unrounded close-mid back to unrounded close-mid front diphthong
u_u0075u02E4,uˤ,,uˤ,pharyngealized rounded close back vowel
dh_u0064u02B0,dʰ,,dʰ,aspirated voiced alveolar stop consonant
sj_u0073u02B2u02D0,sʲː,,sʲː,palatalized long voiceless alveolar sibilant fricative consonant
nd_u0294u006Eu0064,ʔnd,,,
ua_u0075u0250,uɐ,,uɐ,from rounded close back to unrounded near-open central diphthong
r_u0281u02D0,ʁː,,ʁː,long voiced uvular fricative consonant
q_u0071u02D0,qː,,qː,long voiceless uvular stop consonant
oe_u0254u025C,ɔɜ,,ɔɜ,from rounded open-mid back to unrounded open-mid central diphthong
nc_u0272u0063,ɲc,,ɲc,from voiced palatal nasal to voiceless palatal stop cluster
a_u0251u0303u02D0,ɑ̃ː,,ɑ̃ː,long nasalized unrounded open back vowel
jw_u006Au02B7,jʷ,,jʷ,labialized voiced palatal approximant consonant
a_u0251u0330,ɑ̰,,ɑ̰,creaky unrounded open back vowel
rw_u027Eu02B7,ɾʷ,,ɾʷ,labialized voiced alveolar tap consonant
bh_u0062u02B1,bʱ,,bʱ,breathy voiced bilabial stop consonant
o_u006Fu02D1,oˑ,,oˑ,mid-long rounded close-mid back vowel
ej_u025Bu006A,ɛj,,,
z_u007A,z,,z,voiced alveolar sibilant fricative consonant
m_u006Du033C,m̼,,,
tsh_u0074u0073u02B0u02D0,tsʰː,,tsʰː,aspirated long voiceless alveolar sibilant affricate consonant
nggb_u014Bu0067u0062,ŋgb,,ŋgb,from voiced velar nasal to voiced velar-and-bilabial stop cluster
ts_u0074u0073u033B,ts̻,,ts̻,voiceless laminal alveolar sibilant affricate consonant
fj_u0066u02B2,fʲ,,fʲ,palatalized voiceless labio-dental fricative consonant
pp_u0070u0070,pp,,pp,from voiceless bilabial stop to voiceless bilabial stop cluster
n_u006Eu02E4,nˤ,,nˤ,pharyngealized voiced alveolar nasal consonant
c_u0063u02D0,cː,,cː,long voiceless palatal stop consonant
dz_u0064u0320u0291u02D0,d̠ʑː,,,
a_u0251u02D0u02E4,ɑːˤ,,ɑˤː,long pharyngealized unrounded open back vowel
i_u026Au0259,ɪə,,ɪə,from unrounded near-close near-front to unrounded mid central diphthong
ie_u026Au032Fu025B,ɪ̯ɛ,,ɪ̯ɛ,from non-syllabic unrounded near-close near-front to unrounded open-mid front diphthong
u_u0264u02D0,ɤː,,ɤː,long unrounded close-mid back vowel
e_u0065,e,,e,unrounded close-mid front vowel
o_u0254u0324u02D1,ɔ̤ˑ,,ɔ̤ˑ,mid-long breathy rounded open-mid back vowel
nw_u006Eu032Au02B7,n̪ʷ,,n̪ʷ,labialized voiced dental nasal consonant
oa_u006Fu0251,oɑ,,oɑ,from rounded close-mid back to unrounded open back diphthong
ng_u006Eu0067,ng,,ng,from voiced alveolar nasal to voiced velar stop cluster
aj_u0061u006A,aj,,,
eo_u0065u006Fu02D0,eoː,,eoː,from unrounded close-mid front to long rounded close-mid back diphthong
n_u006Eu0325,n̥,,n̥,devoiced voiced alveolar nasal consonant
d_u0064,d,,d,voiced alveolar stop consonant
o_u006Fu0303,õ,,õ,nasalized rounded close-mid back vowel
dh_u0064u02B1u02D0,dʱː,,dʱː,long breathy voiced alveolar stop consonant
e_u0258u0303,ɘ̃,,ɘ̃,nasalized unrounded close-mid central vowel
u_u028Au0303,ʊ̃,,ʊ̃,nasalized rounded near-close near-back vowel
ao_u0251u006F,ɑo,,ɑo,from unrounded open back to rounded close-mid back diphthong
j_u0294u02B2u02D0,ʔʲː,,ʔʲː,palatalized long voiceless glottal stop consonant
dz_u0064u0292u02D0,dʒː,,dʒː,long voiced post-alveolar sibilant affricate consonant
d_u0256,ɖ,,ɖ,voiced retroflex stop consonant
ae_u0251u0065,ɑe,,ɑe,from unrounded open back to unrounded close-mid front diphthong
n_u0294u006E,ʔn,,,
tl_u0074u026Cu0027,tɬ',,tɬʼ,voiceless alveolar ejective lateral affricate consonant
th_u0074u032Au02B0u02D0,t̪ʰː,,t̪ʰː,aspirated long voiceless dental stop consonant
w_u0077u0294,wʔ,,,
w_u0270,ɰ,,ɰ,voiced velar approximant consonant
o_u0254u02E4u02D0,ɔˤː,,ɔˤː,long pharyngealized rounded open-mid back vowel
nd_u006Eu0064,nd,,nd,from voiced alveolar nasal to voiced alveolar stop cluster
pw_u0070u02B7,pʷ,,pʷ,labialized voiceless bilabial stop consonant
jj_u025Fu029D,ɟʝ,,ɟʝ,voiced palatal affricate consonant
b_u0294u03B2,ʔβ,,,
a_u0251,ɑ,,ɑ,unrounded open back vowel
iau_u0069u0061u0075,iau,,,
sw_u0073u02B7,sʷ,,sʷ,labialized voiceless alveolar sibilant fricative consonant
_u028C,ʌ,,ʌ,unrounded open-mid back vowel
c_u0063,c,,c,voiceless palatal stop consonant
oa_u00F8u0251,øɑ,,øɑ,from rounded close-mid front to unrounded open back diphthong
g_u0263u030A,ɣ̊,,ɣ̊,devoiced voiced velar fricative consonant
d_u0257,ɗ,,ɗ,voiced dental implosive consonant
r_u027B,ɻ,,ɻ,voiced retroflex approximant consonant
ns_u006Eu0283,nʃ,,,
a_u0251u02D1,ɑˑ,,ɑˑ,mid-long unrounded open back vowel
lz_u006Cu0292,lʒ,,,
gw_u0263u02B7,ɣʷ,,ɣʷ,labialized voiced velar fricative consonant
tc_u0074u0063u0327,tç,,,
y_u0079,y,,y,rounded close front vowel
jj_u006Au006A,jj,,,
ou_u0254u0075u02D0,ɔuː,,ɔuː,from rounded open-mid back to long rounded close back diphthong
e_u025Bu0303,ɛ̃,,ɛ̃,nasalized unrounded open-mid front vowel
r_u0072,r,,r,voiced alveolar trill consonant
ddh_u0256u0256u02B1,ɖɖʱ,,ɖɖʱ,from voiced retroflex stop to breathy voiced retroflex stop cluster
c_u0255,ɕ,,ɕ,voiceless alveolo-palatal sibilant fricative consonant
ts_u0074u035Cu0073,t͜s,,ts,voiceless alveolar sibilant affricate consonant
xw_u0078u02B7,xʷ,,xʷ,labialized voiceless velar fricative consonant
dzh_u0064u007Au02B1u02D0,dzʱː,,dzʱː,long breathy voiced alveolar sibilant affricate consonant
mf_u006Du0066,mf,,,
qw_u0071u02B7u0027,qʷ',,qʼʷ,labialized voiceless uvular ejective stop consonant
r_u0279u0294,ɹʔ,,,
dh_u0256u02B1,ɖʱ,,ɖʱ,breathy voiced retroflex stop consonant
u_u0289u031F,ʉ̟,,ʉ̟,advanced rounded close central vowel
h_u0266,ɦ,,ɦ,voiced glottal fricative consonant
ts_u0074u02D0u0283,tːʃ,,tʃː,long voiceless post-alveolar sibilant affricate consonant
ij_u0069u006A,ij,,,
lh_u006Cu02B1,lʱ,,lʱ,breathy voiced alveolar lateral approximant consonant
l_u026C,ɬ,,ɬ,voiceless alveolar lateral fricative consonant
i_u0069u0303,ĩ,,ĩ,nasalized unrounded close front vowel
dr_u0256u027D,ɖɽ,,,
r_u0294u0072u0325,ʔr̥,,,
d_u0064u02E4,dˤ,,dˤ,pharyngealized voiced alveolar stop consonant
o_u006Fu02D0u02D0,oːː,,oːː,ultra-long rounded close-mid back vowel
o_u006Fu0324,o̤,,o̤,breathy rounded close-mid back vowel
zj_u007Au02B2,zʲ,,zʲ,palatalized voiced alveolar sibilant fricative consonant
aei_u00E6u02D0u026A,æːɪ,,æːɪ,from long unrounded near-open front to unrounded near-close near-front diphthong
tth_u0074u0074u02B0,ttʰ,,ttʰ,from voiceless alveolar stop to aspirated voiceless alveolar stop cluster
p_u0070,p,,p,voiceless bilabial stop consonant
h_u01C3u02B0,ǃʰ,,ǃʰ,aspirated voiceless alveolar click consonant
aui_u0061u028Au026A,aʊɪ,,,
l_u026Du02D0,ɭː,,ɭː,long voiced retroflex lateral approximant consonant
w_u026Fu0259,ɯə,,ɯə,from unrounded close back to unrounded mid central diphthong
mj_u006Du02B2,mʲ,,mʲ,palatalized voiced bilabial nasal consonant
h_u0068u0303,h̃,,h̃,nasalized voiceless glottal fricative consonant
i_u0069u02D0u0259,iːə,,iːə,from long unrounded close front to unrounded mid central diphthong
_u0295,ʕ,,ʕ,voiced pharyngeal fricative consonant
p_u0070u0027,p',,pʼ,voiceless bilabial ejective stop consonant
ie_u0069u0065,ie,,ie,from unrounded close front to unrounded close-mid front diphthong
e_u0065u02D0u02E4,eːˤ,,eˤː,long pharyngealized unrounded close-mid front vowel
au_u0061u028Au0303,aʊ̃,,aʊ̃,from unrounded open front to nasalized rounded near-close near-back diphthong
sw_u0073u02B7u02D0,sʷː,,sʷː,labialized long voiceless alveolar sibilant fricative consonant
f_u0278,ɸ,,ɸ,voiceless bilabial fricative consonant
ph_u0070u02B0u02D0,pʰː,,pʰː,aspirated long voiceless bilabial stop consonant
tl_u0074u026C,tɬ,,tɬ,voiceless alveolar lateral affricate consonant
ll_u006Cu006C,ll,,,
pph_u0070u0070u02B0,ppʰ,,ppʰ,from voiceless bilabial stop to aspirated voiceless bilabial stop cluster
r_u0072u02E4u02D0,rˤː,,rˤː,pharyngealized long voiced alveolar trill consonant
eg_u025Bu02E0,ɛˠ,,ɛˠ,velarized unrounded open-mid front vowel
d_u0294u0064,ʔd,,ʔd,from voiceless glottal stop to voiced alveolar stop cluster
j_u006Au028C,jʌ,,,
ya_u0079u0061,ya,,ya,from rounded close front to unrounded open front diphthong
oa_u006Fu0061,oa,,oa,from rounded close-mid back to unrounded open front diphthong
tsj_u0074u0283u02B2,tʃʲ,,tʃʲ,palatalized voiceless post-alveolar sibilant affricate consonant
d_u0064u0325,d̥,,d̥,devoiced voiced alveolar stop consonant
dh_u0256u02B1u02D0,ɖʱː,,ɖʱː,long breathy voiced retroflex stop consonant
ng_u014Bu030A,ŋ̊,,ŋ̊,devoiced voiced velar nasal consonant
g_u0262,ɢ,,ɢ,voiced uvular stop consonant
ph_u0070u02B0,pʰ,,pʰ,aspirated voiceless bilabial stop consonant
lj_u006Cu02B2,lʲ,,lʲ,palatalized voiced alveolar lateral approximant consonant
jh_u025Fu02B1,ɟʱ,,ɟʱ,breathy voiced palatal stop consonant
r_u0280,ʀ,,ʀ,voiced uvular trill consonant
a_u0061u0303,ã,,ã,nasalized unrounded open front vowel
ui_u0075u026A,uɪ,,uɪ,from rounded close back to unrounded near-close near-front diphthong
tg_u0074u032Au02E0,t̪ˠ,,t̪ˠ,velarized voiceless dental stop consonant
q_u0071u0027,q',,qʼ,voiceless uvular ejective stop consonant
d_u0064u032Au02D0,d̪ː,,d̪ː,long voiced dental stop consonant
j_u025F,ɟ,,ɟ,voiced palatal stop consonant
i_u0268u0303,ɨ̃,,ɨ̃,nasalized unrounded close central vowel
mh_u006Du02B1,mʱ,,mʱ,breathy voiced bilabial nasal consonant
ts_u0074u0283u02BC,tʃʼ,,tʃʼ,voiceless post-alveolar ejective sibilant affricate consonant
a_u0250u02D0,ɐː,,ɐː,long unrounded near-open central vowel
nh_u0273u02B1,ɳʱ,,ɳʱ,breathy voiced retroflex nasal consonant
y_u0079u02D1,yˑ,,yˑ,mid-long rounded close front vowel
d_u00F0u02E4,ðˤ,,ðˤ,pharyngealized voiced dental fricative consonant
ts_u0288u0282,ʈʂ,,ʈʂ,voiceless retroflex sibilant affricate consonant
dz_u0064u035Cu007A,d͜z,,dz,voiced alveolar sibilant affricate consonant
tsh_u0074u032Au0073u032Au02B0,t̪s̪ʰ,,ts̪ʰ,aspirated voiceless dental sibilant affricate consonant
nt_u006Eu032Au0074u032A,n̪t̪,,n̪t̪,from voiced dental nasal to voiceless dental stop cluster
e_u0065u0303u02E4,ẽˤ,,ẽˤ,pharyngealized nasalized unrounded close-mid front vowel
m_u006Du0294,mʔ,,mʔ,from voiced bilabial nasal to voiceless glottal stop cluster
iu_u026Au032Fu0075u031E,ɪ̯u̞,,ɪ̯u̞,from non-syllabic unrounded near-close near-front to lowered rounded close back diphthong
ja_u006Au0061,ja,,,
o_u006Fu02E4,oˤ,,oˤ,pharyngealized rounded close-mid back vowel
u_u0075u02D1,uˑ,,uˑ,mid-long rounded close back vowel
a_u0061u0294,aʔ,,,
_u0259u0324,ə̤,,ə̤,breathy unrounded mid central vowel
uj_u0075u006A,uj,,,
a_u0061u02D1,aˑ,,aˑ,mid-long unrounded open front vowel
oi_u006Fu0069u032F,oi̯,,oi̯,from rounded close-mid back to non-syllabic unrounded close front diphthong
m_u0294u006D,ʔm,,,
mg_u006Du02E0,mˠ,,mˠ,velarized voiced bilabial nasal consonant
tn_u1D57u006E,ᵗn,,,
u_u0075u0330u0303,ṵ̃,,ṵ̃,nasalized creaky rounded close back vowel
ej_u0065u006A,ej,,,
wo_u0077u006F,wo,,,
ngj_u014Bu02B2,ŋʲ,,ŋʲ,palatalized voiced velar nasal consonant
bh_u0062u02B0u02D0,bʰː,,bʰː,aspirated long voiced bilabial stop consonant
rj_u0072u02B2,rʲ,,rʲ,palatalized voiced alveolar trill consonant
kk_u006Bu006B,kk,,kk,from voiceless velar stop to voiceless velar stop cluster
r_u0279u0329,ɹ̩,,ɹ̩,syllabic voiced alveolar approximant consonant
lz_u026E,ɮ,,ɮ,voiced alveolar lateral fricative consonant
aeu_u00E6u0075,æu,,æu,from unrounded near-open front to rounded close back diphthong
r_u0072u02D0,rː,,rː,long voiced alveolar trill consonant
th_u0288u02B0u02D0,ʈʰː,,ʈʰː,aspirated long voiceless retroflex stop consonant
ui_u0075u0303u0069,ũi,,ũi,from nasalized rounded close back to unrounded close front diphthong
i_u0259u026A,əɪ,,əɪ,from unrounded mid central to unrounded near-close near-front diphthong
kh_u03C7u02D0,χː,,χː,long voiceless uvular fricative consonant
a_u0061u02E4,aˤ,,aˤ,pharyngealized unrounded open front vowel
ui_u0075u0069,ui,,ui,from rounded close back to unrounded close front diphthong
ao_u0061u006Fu032F,ao̯,,ao̯,from unrounded open front to non-syllabic rounded close-mid back diphthong
oe_u0153u02D0,œː,,œː,long rounded open-mid front vowel
oe_u0254u0065u032F,ɔe̯,,ɔe̯,from rounded open-mid back to non-syllabic unrounded close-mid front diphthong
t_u0288u02D0,ʈː,,ʈː,long voiceless retroflex stop consonant
e_u0065u031D,e̝,,e̝,raised unrounded close-mid front vowel
ts_u0074u0073u0027,ts',,tsʼ,voiceless alveolar ejective sibilant affricate consonant
u_u0075u0324u02D0,ṳː,,ṳː,long breathy rounded close back vowel
zg_u007Au02E0,zˠ,,zˠ,velarized voiced alveolar sibilant fricative consonant
e_u0258,ɘ,,ɘ,unrounded close-mid central vowel
u_u028Au033D,ʊ̽,,ʊ̽,mid-centralized rounded near-close near-back vowel
j_u0294u006A,ʔj,,,
kw_u006Bu02BCu02B7,kʼʷ,,kʼʷ,labialized voiceless velar ejective stop consonant
au_u0251u028A,ɑʊ,,ɑʊ,from unrounded open back to rounded near-close near-back diphthong
oi_u0254u02D0u0069,ɔːi,,ɔːi,from long rounded open-mid back to unrounded close front diphthong
j_u029Du031E,ʝ̞,,ʝ̞,lowered voiced palatal fricative consonant
gb_u0067u0062,gb,,gb,voiced velar-and-bilabial stop consonant
nkh_u004Eu006Bu02B0,Nkʰ,,,
t_u0074u02BCu02D0,tʼː,,tʼː,long voiceless alveolar ejective stop consonant
g_u0067u01C1,gǁ,,gǁ,voiced alveolar lateral click consonant
k_u006Bu02D0,kː,,kː,long voiceless velar stop consonant
rw_u027Au02B7,ɺʷ,,ɺʷ,labialized voiced alveolar lateral tap consonant
u_u0075u0320,u̠,,u̠,retracted rounded close back vowel
y_u0079u0259u032F,yə̯,,yə̯,from rounded close front to non-syllabic unrounded mid central diphthong
ua_u0075u0061,ua,,ua,from rounded close back to unrounded open front diphthong
_u028Cu02D1,ʌˑ,,ʌˑ,mid-long unrounded open-mid back vowel
a_u0250,ɐ,,ɐ,unrounded near-open central vowel
l_u026B,ɫ,,lˠ,velarized voiced alveolar lateral approximant consonant
a_u0061u0330u0303,ã̰,,ã̰,nasalized creaky unrounded open front vowel
ea_u0065u0061u0303,eã,,eã,from unrounded close-mid front to nasalized unrounded open front diphthong
ng_u014Bu02E4,ŋˤ,,ŋˤ,pharyngealized voiced velar nasal consonant
ee_u025Bu0065u032F,ɛe̯,,ɛe̯,from unrounded open-mid front to non-syllabic unrounded close-mid front diphthong
dz_u0064u0291u02D0,dʑː,,dʑː,long voiced alveolo-palatal sibilant affricate consonant
r_u0279,ɹ,,ɹ,voiced alveolar approximant consonant
wa_u026Fu0061,ɯa,,ɯa,from unrounded close back to unrounded open front diphthong
mb_u006Du0062,mb,,mb,from voiced bilabial nasal to voiced bilabial stop cluster
g_u0067u003A,g:,,gː,long voiced velar stop consonant
ie_u0069u025B,iɛ,,iɛ,from unrounded close front to unrounded open-mid front diphthong
a_u0061u0324u02D0,a̤ː,,a̤ː,long breathy unrounded open front vowel
_u2C71u031F,ⱱ̟,,ⱱ̟,advanced voiced labio-dental tap consonant
m_u006D,m,,m,voiced bilabial nasal consonant
u_u0075u0303,ũ,,ũ,nasalized rounded close back vowel
q_u0071,q,,q,voiceless uvular stop consonant
e_u025Bu0324u02D1,ɛ̤ˑ,,ɛ̤ˑ,mid-long breathy unrounded open-mid front vowel
nj_u207Fu025F,ⁿɟ,,ⁿɟ,pre-nasalized voiced palatal stop consonant
p_u0070u02D0,pː,,pː,long voiceless bilabial stop consonant
u_u028Au02D0,ʊː,,ʊː,long rounded near-close near-back vowel
ui_u0264u0069,ɤi,,ɤi,from unrounded close-mid back to unrounded close front diphthong
sj_u0283u02B2u02D0,ʃʲː,,ʃʲː,palatalized long voiceless post-alveolar sibilant fricative consonant
tg_u0074u02E0,tˠ,,tˠ,velarized voiceless alveolar stop consonant
ag_u0061u02E0,aˠ,,aˠ,velarized unrounded open front vowel
h_u0068,h,,h,voiceless glottal fricative consonant
x_u0078,x,,x,voiceless velar fricative consonant
a_u0252,ɒ,,ɒ,rounded open back vowel
ei_u025Bu026A,ɛɪ,,ɛɪ,from unrounded open-mid front to unrounded near-close near-front diphthong
ei_u0065u031Eu026A,e̞ɪ,,e̞ɪ,from unrounded mid front to unrounded near-close near-front diphthong
o_u0254u0303,ɔ̃,,ɔ̃,nasalized rounded open-mid back vowel
gh_u0067u02B1u02D0,gʱː,,gʱː,long breathy voiced velar stop consonant
kw_u006Bu02B7u0027,kʷ',,kʼʷ,labialized voiceless velar ejective stop consonant
s_u0073u02BC,sʼ,,sʼ,voiceless alveolar ejective sibilant fricative consonant
y_u028Eu0325,ʎ̥,,ʎ̥,devoiced voiced palatal lateral approximant consonant
th_u0074u02B0u02D0,tʰː,,tʰː,aspirated long voiceless alveolar stop consonant
oy_u00F8u0079,øy,,øy,from rounded close-mid front to rounded close front diphthong
dz_u0064u02D0u007A,dːz,,dzː,long voiced alveolar sibilant affricate consonant
hw_u0068u02B7,hʷ,,hʷ,labialized voiceless glottal fricative consonant
i_u0268u02D0,ɨː,,ɨː,long unrounded close central vowel
ng_u004Eu0067,Ng,,,
oa_u006Fu02D0u0252u032Fu0294,oːɒ̯ʔ,,,
ae_u00E6u02D1,æˑ,,æˑ,mid-long unrounded near-open front vowel
w_u0294u02B7,ʔʷ,,ʔʷ,labialized voiceless glottal stop consonant
z_u0291,ʑ,,ʑ,voiced alveolo-palatal sibilant fricative consonant
th_u03B8,θ,,θ,voiceless dental fricative consonant
oi_u00F8u0069,øi,,øi,from rounded close-mid front to unrounded close front diphthong
th_u0288u02B0,ʈʰ,,ʈʰ,aspirated voiceless retroflex stop consonant
ia_u0069u0250,iɐ,,iɐ,from unrounded close front to unrounded near-open central diphthong
nz_u006Eu007A,nz,,,
uei_u0075u0065u0069,uei,,,
ns_u006Eu0073,ns,,,
cc_u0063u0063u0327u02D0,cçː,,cçː,long voiceless palatal affricate consonant
n_u0235,ȵ,,ȵ,voiced alveolo-palatal nasal consonant
r_u0279u033A,ɹ̺,,ɹ̺,voiced apical alveolar approximant consonant
ts_u0074u0073u02D0,tsː,,tsː,long voiceless alveolar sibilant affricate consonant
ea_u0065u0061,ea,,ea,from unrounded close-mid front to unrounded open front diphthong
w_u028D,ʍ,,ʍ,voiceless labio-velar approximant consonant
u_u0075u0330,ṵ,,ṵ,creaky rounded close back vowel
b_u0299u0325,ʙ̥,,ʙ̥,devoiced voiced bilabial trill consonant
mw_u006Du02B7,mʷ,,mʷ,labialized voiced bilabial nasal consonant
oo_u0254u006Fu032F,ɔo̯,,ɔo̯,from rounded open-mid back to non-syllabic rounded close-mid back diphthong
s_u0073u033A,s̺,,s̺,voiceless apical alveolar sibilant fricative consonant
dzdz_u0064u0292u0064u0292,dʒdʒ,,,
_u0295u0294,ʕʔ,,,
ju_u006Au0075,ju,,,
h_u0068u02D0,hː,,hː,long voiceless glottal fricative consonant
kkh_u006Bu006Bu02B0,kkʰ,,kkʰ,from voiceless velar stop to aspirated voiceless velar stop cluster
a_u0061u02D0,aː,,aː,long unrounded open front vowel
_u025A,ɚ,,ə˞,rhotacized unrounded mid central vowel
ao_u0061u0275u032F,aɵ̯,,aɵ̯,from unrounded open front to non-syllabic rounded close-mid central diphthong
dzh_u0064u0292u02B1,dʒʱ,,dʒʱ,breathy voiced post-alveolar sibilant affricate consonant
ai_u0250u0303u0069,ɐ̃i,,ɐ̃i,from nasalized unrounded near-open central to unrounded close front diphthong
y_u0265,ɥ,,ɥ,voiced labio-palatal approximant consonant
eg_u0065u02E0u02D0,eˠː,,eˠː,long velarized unrounded close-mid front vowel
lw_u006Cu032Au02B7,l̪ʷ,,l̪ʷ,labialized voiced dental lateral approximant consonant
g_u0067u01C0,gǀ,,gǀ,voiced dental click consonant
l_u006C,l,,l,voiced alveolar lateral approximant consonant
b_u0062u0325,b̥,,b̥,devoiced voiced bilabial stop consonant
gw_u0067u02B7u02D0,gʷː,,gʷː,labialized long voiced velar stop consonant
au_u0061u028A,aʊ,,aʊ,from unrounded open front to rounded near-close near-back diphthong
ngb_u0274u0067u0062,ɴgb,,ɴgb,from voiced uvular nasal to voiced velar-and-bilabial stop cluster
ng_u014Bu02D0,ŋː,,ŋː,long voiced velar nasal consonant
oe_u006Fu0065,oe,,oe,from rounded close-mid back to unrounded close-mid front diphthong
e_u025E,ɞ,,ɞ,rounded open-mid central vowel
b_u0062,b,,b,voiced bilabial stop consonant
dz_u0064u033Bu007Au033B,d̻z̻,,dz̻,voiced laminal alveolar sibilant affricate consonant
dw_u0064u02B7,dʷ,,dʷ,labialized voiced alveolar stop consonant
nd_u006Eu032Au0064u032A,n̪d̪,,n̪d̪,from voiced dental nasal to voiced dental stop cluster
ar_u0061u02DE,a˞,,a˞,rhotacized unrounded open front vowel
jau_u006Au0061u0075u032F,jau̯,,,
ndz_u0272u0064u0292,ɲdʒ,,ɲdʒ,from voiced palatal nasal to voiced post-alveolar sibilant affricate cluster
_u01C3,ǃ,,ǃ,voiceless alveolar click consonant
tl_u0074u026Cu02BC,tɬʼ,,tɬʼ,voiceless alveolar ejective lateral affricate consonant
s_u0282,ʂ,,ʂ,voiceless retroflex sibilant fricative consonant
mbw_u006Du0062u02B7,mbʷ,,mbʷ,from voiced bilabial nasal to labialized voiced bilabial stop cluster
dd_u0064u0064,dd,,dd,from voiced alveolar stop to voiced alveolar stop cluster
we_u0077u025B,wɛ,,,
bj_u0062u02B2,bʲ,,bʲ,palatalized voiced bilabial stop consonant
kj_u006Bu02B2,kʲ,,kʲ,palatalized voiceless velar stop consonant
aw_u0251u026F,ɑɯ,,ɑɯ,from unrounded open back to unrounded close back diphthong
ia_u0259u026Au0061,əɪa,,,
tr_u0288u027D,ʈɽ,,,
o_u006Fu0319,o̙,,o̙,retracted-tongue-root rounded close-mid back vowel
w_u026Fu02D0,ɯː,,ɯː,long unrounded close back vowel
oe_u0254u025Bu032F,ɔɛ̯,,ɔɛ̯,from rounded open-mid back to non-syllabic unrounded open-mid front diphthong
ts_u0074u0283,tʃ,,tʃ,voiceless post-alveolar sibilant affricate consonant
i_u0069u0303u02E4,ĩˤ,,ĩˤ,pharyngealized nasalized unrounded close front vowel
ii_u026Au0069,ɪi,,ɪi,from unrounded near-close near-front to unrounded close front diphthong
ntsh_u004Eu0074u032Au0073u032Au02B0,Nt̪s̪ʰ,,,
i_u0268u02E4,ɨˤ,,ɨˤ,pharyngealized unrounded close central vowel
uw_u0075u0077,uw,,,
au_u0250u0303u0075,ɐ̃u,,ɐ̃u,from nasalized unrounded near-open central to rounded close back diphthong
dlz_u0064u006Cu0292,dlʒ,,,
d_u00F0,ð,,ð,voiced dental fricative consonant
au_u0251u0075u02D0,ɑuː,,ɑuː,from unrounded open back to long rounded close back diphthong
khw_u03C7u02B7,χʷ,,χʷ,labialized voiceless uvular fricative consonant
_u01C0u02BC,ǀʼ,,ǀʼ,voiceless dental ejective click consonant
l_u006Cu0294,lʔ,,,
ae_u0061u0065,ae,,ae,from unrounded open front to unrounded close-mid front diphthong
w_u0077u02D0,wː,,wː,long voiced labio-velar approximant consonant
a_u0250u0330,ɐ̰,,ɐ̰,creaky unrounded near-open central vowel
s_u0073,s,,s,voiceless alveolar sibilant fricative consonant
f_u0066u02D0,fː,,fː,long voiceless labio-dental fricative consonant
z_u0292u02D0,ʒː,,ʒː,long voiced post-alveolar sibilant fricative consonant
au_u0061u02D0u0075,aːu,,aːu,from long unrounded open front to rounded close back diphthong
wei_u0077u0065u0069u032F,wei̯,,,
ou_u006Fu0075,ou,,ou,from rounded close-mid back to rounded close back diphthong
e_u025Bu0259,ɛə,,ɛə,from unrounded open-mid front to unrounded mid central diphthong
kngw_u006Bu014Bu02B7,kŋʷ,,,
h_u0127,ħ,,ħ,voiceless pharyngeal fricative consonant
u_u0075u02D0,uː,,uː,long rounded close back vowel
ao_u0251u0254u032F,ɑɔ̯,,ɑɔ̯,from unrounded open back to non-syllabic rounded open-mid back diphthong
io_u0069u0254,iɔ,,iɔ,from unrounded close front to rounded open-mid back diphthong
oey_u0153u0079u02D0,œyː,,œyː,from rounded open-mid front to long rounded close front diphthong
r_u027A,ɺ,,ɺ,voiced alveolar lateral tap consonant
r_u0294u0072,ʔr,,,
cn_u0063u006E,cn,,,
vv_u028Bu028B,ʋʋ,,,
i_u0069u02D0,iː,,iː,long unrounded close front vowel
a_u0251u0303,ɑ̃,,ɑ̃,nasalized unrounded open back vowel
tw_u0074u032Au02B7,t̪ʷ,,t̪ʷ,labialized voiceless dental stop consonant
e_u025Cu02D0,ɜː,,ɜː,long unrounded open-mid central vowel
oe_u0153u031E,œ̞,,œ̞,lowered rounded open-mid front vowel
s_u0073u003A,s:,,sː,long voiceless alveolar sibilant fricative consonant
z_u007Au0329,z̩,,z̩,syllabic voiced alveolar sibilant fricative consonant
_u2C71,ⱱ,,ⱱ,voiced labio-dental tap consonant
aeo_u00E6u006F,æo,,æo,from unrounded near-open front to rounded close-mid back diphthong
rj_u027Au02B2,ɺʲ,,ɺʲ,palatalized voiced alveolar lateral tap consonant
dz_u0064u032Au007Au032A,d̪z̪,,dz̪,voiced dental sibilant affricate consonant
ndz_u004Eu0064u007A,Ndz,,,
z_u007Au0320,z̠,,z̠,retracted voiced alveolar sibilant fricative consonant
a_u0061u0303u02E4,ãˤ,,ãˤ,pharyngealized nasalized unrounded open front vowel
qh_u0071u02B0,qʰ,,qʰ,aspirated voiceless uvular stop consonant
ntj_u006Eu0074u02B2,ntʲ,,ntʲ,from voiced alveolar nasal to palatalized voiceless alveolar stop cluster
oe_u00F8u0065,øe,,øe,from rounded close-mid front to unrounded close-mid front diphthong
g_u0260,ɠ,,ɠ,voiced velar implosive consonant
e_u0065u0324u02D0,e̤ː,,e̤ː,long breathy unrounded close-mid front vowel
dh_u0064u02B1,dʱ,,dʱ,breathy voiced alveolar stop consonant
n_u004E,N,,,
e_u0065u02D1,eˑ,,eˑ,mid-long unrounded close-mid front vowel
dh_u0064u032Au02B1,d̪ʱ,,d̪ʱ,breathy voiced dental stop consonant
i_u0268u031E,ɨ̞,,ɨ̞,lowered unrounded close central vowel
mp_u006Du0070,mp,,mp,from voiced bilabial nasal to voiceless bilabial stop cluster
w_u0294u0077u0330,ʔw̰,,,
n_u006Eu0294,nʔ,,nʔ,from voiced alveolar nasal to voiceless glottal stop cluster
ts_u0288u0282u02D0,ʈʂː,,ʈʂː,long voiceless retroflex sibilant affricate consonant
wi_u026Fu0069,ɯi,,ɯi,from unrounded close back to unrounded close front diphthong
ts_u0074u0283u033A,tʃ̺,,tʃ̺,voiceless apical post-alveolar sibilant affricate consonant
ndz_u006Eu0064u0291,ndʑ,,ndʑ,from voiced alveolar nasal to voiced alveolo-palatal sibilant affricate cluster
kp_u006Bu0070,kp,,kp,voiceless velar-and-bilabial stop consonant
oj_u006Fu006A,oj,,,
oou_u0254u006Fu0075u0303,ɔoũ,,,
a_u0250u031F,ɐ̟,,ɐ̟,advanced unrounded near-open central vowel
c_u0063u0327,ç,,ç,voiceless palatal sibilant fricative consonant
nj_u0272u025F,ɲɟ,,ɲɟ,from voiced palatal nasal to voiced palatal stop cluster
bg_u0062u02E0,bˠ,,bˠ,velarized voiced bilabial stop consonant
tsh_u0074u033Bu0073u033Bu02B0,t̻s̻ʰ,,ts̻ʰ,aspirated voiceless laminal alveolar sibilant affricate consonant
kx_u006Bu0078,kx,,kx,voiceless velar affricate consonant
k_u006Bu02BC,kʼ,,kʼ,voiceless velar ejective stop consonant
th_u0074u02B0,tʰ,,tʰ,aspirated voiceless alveolar stop consonant
tt_u0288u0288,ʈʈ,,ʈʈ,from voiceless retroflex stop to voiceless retroflex stop cluster
hj_u0068u02B2,hʲ,,hʲ,palatalized voiceless glottal fricative consonant
ng_u014Bu003A,ŋ:,,ŋː,long voiced velar nasal consonant
ts_u0074u0073u02BC,tsʼ,,tsʼ,voiceless alveolar ejective sibilant affricate consonant
u_u0264u02D0u02D0,ɤːː,,ɤː,long unrounded close-mid back vowel
i_u0069u003A,i:,,iː,long unrounded close front vowel
au_u0251u0075,ɑu,,ɑu,from unrounded open back to rounded close back diphthong
ts_u0074u0073u033A,ts̺,,ts̺,voiceless apical alveolar sibilant affricate consonant
kh_u006Bu02B0,kʰ,,kʰ,aspirated voiceless velar stop consonant
o_u006Fu0330,o̰,,o̰,creaky rounded close-mid back vowel
jai_u006Au0061u0069u032F,jai̯,,,
o_u0254u0324u02D0,ɔ̤ː,,ɔ̤ː,long breathy rounded open-mid back vowel
n_u207Fu01C0,ⁿǀ,,ⁿǀ,pre-nasalized voiceless dental click consonant
ai_u0061u0069,ai,,ai,from unrounded open front to unrounded close front diphthong
qw_u0071u02BCu02B7,qʼʷ,,qʼʷ,labialized voiceless uvular ejective stop consonant
y_u0079u0259,yə,,yə,from rounded close front to unrounded mid central diphthong
e_u025C,ɜ,,ɜ,unrounded open-mid central vowel
dz_u0064u007A,dz,,dz,voiced alveolar sibilant affricate consonant
y_u0079u0303,ỹ,,ỹ,nasalized rounded close front vowel
o_u006Fu02D0,oː,,oː,long rounded close-mid back vowel
u_u028A,ʊ,,ʊ,rounded near-close near-back vowel
aei_u00E6u026A,æɪ,,æɪ,from unrounded near-open front to unrounded near-close near-front diphthong
u_u0289,ʉ,,ʉ,rounded close central vowel
h_u01C1u02B0,ǁʰ,,ǁʰ,aspirated voiceless alveolar lateral click consonant
oey_u0153u0079,œy,,œy,from rounded open-mid front to rounded close front diphthong
tw_u0074u02B7,tʷ,,tʷ,labialized voiceless alveolar stop consonant
d_u0064u02D0,dː,,dː,long voiced alveolar stop consonant
e_u0065u0330,ḛ,,ḛ,creaky unrounded close-mid front vowel
v_u0076u0325,v̥,,v̥,devoiced voiced labio-dental fricative consonant
r_u0259u0281u031E,əʁ̞,,,
z_u0292u02E4u02D0,ʒˤː,,ʒˤː,pharyngealized long voiced post-alveolar sibilant fricative consonant
ndj_u006Eu032Au0064u032Au02B2,n̪d̪ʲ,,n̪d̪ʲ,from voiced dental nasal to palatalized voiced dental stop cluster
t_u0074u032Au02D0,t̪ː,,t̪ː,long voiceless dental stop consonant
gg_u0067u0067,gg,,gg,from voiced velar stop to voiced velar stop cluster
l_u006Cu02E4,lˤ,,lˤ,pharyngealized voiced alveolar lateral approximant consonant
oe_u0153u0303u02D0,œ̃ː,,œ̃ː,long nasalized rounded open-mid front vowel
dzdz_u0064u007Au0064u007A,dzdz,,,
dz_u0064u003Au0292,d:ʒ,,,
rj_u0280u02B2,ʀʲ,,ʀʲ,palatalized voiced uvular trill consonant
_u0295u02D0,ʕː,,ʕː,long voiced pharyngeal fricative consonant
n_u006Eu032A,n̪,,n̪,voiced dental nasal consonant
ei_u025Bu0069u02D0,ɛiː,,ɛiː,from unrounded open-mid front to long unrounded close front diphthong
o_u0275,ɵ,,ɵ,rounded close-mid central vowel
oe_u0276,ɶ,,ɶ,rounded open front vowel
o_u006Fu0324u02D0,o̤ː,,o̤ː,long breathy rounded close-mid back vowel
z_u0292u030A,ʒ̊,,ʒ̊,devoiced voiced post-alveolar sibilant fricative consonant
d_u0064u032A,d̪,,d̪,voiced dental stop consonant
ai_u0250u0069,ɐi,,ɐi,from unrounded near-open central to unrounded close front diphthong
u_u0075u0319,u̙,,u̙,retracted-tongue-root rounded close back vowel
k_u006Bu003A,k:,,kː,long voiceless velar stop consonant
o_u006Fu0330u0303,õ̰,,õ̰,nasalized creaky rounded close-mid back vowel
v_u0076u033C,v̼,,,
ae_u0061u0065u032F,ae̯,,ae̯,from unrounded open front to non-syllabic unrounded close-mid front diphthong
r_u0072u031D,r̝,,r̝,raised voiced alveolar trill consonant
_u028Cu02E4u02D0,ʌˤː,,ʌˤː,long pharyngealized unrounded open-mid back vowel
o_u006F,o,,o,rounded close-mid back vowel
j_u0294u02B2,ʔʲ,,ʔʲ,palatalized voiceless glottal stop consonant
hw_u0068u02B7u02D0,hʷː,,hʷː,labialized long voiceless glottal fricative consonant
zw_u007Au02B7,zʷ,,zʷ,labialized voiced alveolar sibilant fricative consonant
ui_u0075u0069u032F,ui̯,,ui̯,from rounded close back to non-syllabic unrounded close front diphthong
nj_u006Eu02B2,nʲ,,nʲ,palatalized voiced alveolar nasal consonant
bh_u0062u02B0,bʰ,,bʰ,aspirated voiced bilabial stop consonant
n_u207Fu01C1,ⁿǁ,,ⁿǁ,pre-nasalized voiceless alveolar lateral click consonant
dzh_u0064u007Au02B1,dzʱ,,dzʱ,breathy voiced alveolar sibilant affricate consonant
u_u0264u02D1,ɤˑ,,ɤˑ,mid-long unrounded close-mid back vowel
bj_u03B2u02B2,βʲ,,βʲ,palatalized voiced bilabial fricative consonant
kw_u006Bu02B7u02D0,kʷː,,kʷː,labialized long voiceless velar stop consonant
ei_u0065u0259u026A,eəɪ,,,
ua_u0075u0251,uɑ,,uɑ,from rounded close back to unrounded open back diphthong
g_u0067u030A,g̊,,g̊,devoiced voiced velar stop consonant
mvw_u0271u0076u02B7,ɱvʷ,,,
ae_u0061u025Bu032F,aɛ̯,,aɛ̯,from unrounded open front to non-syllabic unrounded open-mid front diphthong
oi_u006Fu026A,oɪ,,oɪ,from rounded close-mid back to unrounded near-close near-front diphthong
i_u0069u0259,iə,,iə,from unrounded close front to unrounded mid central diphthong
y_u0079u02D0u0259,yːə,,yːə,from long rounded close front to unrounded mid central diphthong
u_u0075u0324,ṳ,,ṳ,breathy rounded close back vowel
o_u00F8u02D0,øː,,øː,long rounded close-mid front vowel
q_u0071u02BC,qʼ,,qʼ,voiceless uvular ejective stop consonant
o_u006Fu031D,o̝,,o̝,raised rounded close-mid back vowel
dh_u0064u02B0u02D0,dʰː,,dʰː,aspirated long voiced alveolar stop consonant
nw_u0273u02B7,ɳʷ,,ɳʷ,labialized voiced retroflex nasal consonant
r_u027Eu02D0,ɾː,,ɾː,long voiced alveolar tap consonant
oi_u00F8u026A,øɪ,,øɪ,from rounded close-mid front to unrounded near-close near-front diphthong
m_u006Du0329,m̩,,m̩,syllabic voiced bilabial nasal consonant
ei_u025Cu026A,ɜɪ,,ɜɪ,from unrounded open-mid central to unrounded near-close near-front diphthong
p_u0070u033C,p̼,,,
v_u028B,ʋ,,ʋ,voiced labio-dental approximant consonant
h_u0267,ɧ,,ɧ,voiceless palatal-velar fricative consonant
iu_u0069u0075,iu,,iu,from unrounded close front to rounded close back diphthong
dz_u0256u0290,ɖʐ,,ɖʐ,voiced retroflex sibilant affricate consonant
e_u025Bu02D1,ɛˑ,,ɛˑ,mid-long unrounded open-mid front vowel
kw_u006Bu02B7,kʷ,,kʷ,labialized voiceless velar stop consonant
z_u0292u02E4,ʒˤ,,ʒˤ,pharyngealized voiced post-alveolar sibilant fricative consonant
u_u0075,u,,u,rounded close back vowel
tc_u0074u0320u0255u02D0,t̠ɕː,,,
_u0259,ə,,ə,unrounded mid central vowel
mm_u006Du006D,mm,,,
kwh_u006Bu02B7u02B0,kʷʰ,,kʷʰ,labialized aspirated voiceless velar stop consonant
m_u02C0u006D,ˀm,,ˀm,pre-glottalized voiced bilabial nasal consonant
u_u0259u028A,əʊ,,əʊ,from unrounded mid central to rounded near-close near-back diphthong
a_u0251u02D0u02D0,ɑːː,,ɑː,long unrounded open back vowel
n_u0272u0325,ɲ̥,,ɲ̊,devoiced voiced palatal nasal consonant
j_u0284,ʄ,,ʄ,voiced palatal implosive consonant
kw_u006Bu02B7u02BC,kʷʼ,,kʼʷ,labialized voiceless velar ejective stop consonant
eo_u0065u006F,eo,,eo,from unrounded close-mid front to rounded close-mid back diphthong
e_u0065u0259,eə,,eə,from unrounded close-mid front to unrounded mid central diphthong
o_u006Fu02D0u0259,oːə,,oːə,from long rounded close-mid back to unrounded mid central diphthong
ng_u014Bu0325,ŋ̥,,ŋ̊,devoiced voiced velar nasal consonant
i_u0069u0324u02D0,i̤ː,,i̤ː,long breathy unrounded close front vowel
z_u007Au02E4u02D0,zˤː,,zˤː,pharyngealized long voiced alveolar sibilant fricative consonant
ae_u00E6u02D0,æː,,æː,long unrounded near-open front vowel
pg_u0070u02E0,pˠ,,pˠ,velarized voiceless bilabial stop consonant
w_u0294u0077,ʔw,,,
ndz_u006Eu0064u0292,ndʒ,,ndʒ,from voiced alveolar nasal to voiced post-alveolar sibilant affricate cluster
njw_u006Eu02B2u02B7,nʲʷ,,nʲʷ,palatalized labialized voiced alveolar nasal consonant
dzj_u0064u0292u02B2,dʒʲ,,dʒʲ,palatalized voiced post-alveolar sibilant affricate consonant
je_u006Au0065,je,,,
lw_u026Du02B7,ɭʷ,,ɭʷ,labialized voiced retroflex lateral approximant consonant
i_u0069,i,,i,unrounded close front vowel
r_u0281,ʁ,,ʁ,voiced uvular fricative consonant
a_u0250u0303,ɐ̃,,ɐ̃,nasalized unrounded near-open central vowel
ss_u0073u0073,ss,,,
ou_u0254u0075,ɔu,,ɔu,from rounded open-mid back to rounded close back diphthong
n_u0272u030A,ɲ̊,,ɲ̊,devoiced voiced palatal nasal consonant
ts_u0074u0283u02D0,tʃː,,tʃː,long voiceless post-alveolar sibilant affricate consonant
ntw_u006Eu0074u02B7,ntʷ,,ntʷ,from voiced alveolar nasal to labialized voiceless alveolar stop cluster
ig_u0069u02E0,iˠ,,iˠ,velarized unrounded close front vowel
a_u0061u02E4u003A,aˤ:,,aˤː,long pharyngealized unrounded open front vowel
jj_u025Fu029Du02D0,ɟʝː,,ɟʝː,long voiced palatal affricate consonant
io_u0069u006F,io,,io,from unrounded close front to rounded close-mid back diphthong
tsts_u0074u0283u0074u0283,tʃtʃ,,,
_u01C1,ǁ,,ǁ,voiceless alveolar lateral click consonant
aee_u00E6u0065,æe,,æe,from unrounded near-open front to unrounded close-mid front diphthong
dzdzh_u0064u0292u0064u0292u02B1,dʒdʒʱ,,,
ng_u207Fu0067,ⁿg,,ⁿg,pre-nasalized voiced velar stop consonant
ew_u0065u0077,ew,,,
gh_u0067u02B0,gʰ,,gʰ,aspirated voiced velar stop consonant
i_u0069u0324,i̤,,i̤,breathy unrounded close front vowel
ai_u0061u026Au0303,aɪ̃,,aɪ̃,from unrounded open front to nasalized unrounded near-close near-front diphthong
ndz_u006Eu0064u007A,ndz,,ndz,from voiced alveolar nasal to voiced alveolar sibilant affricate cluster
ljw_u006Cu02B2u02B7,lʲʷ,,lʲʷ,palatalized labialized voiced alveolar lateral approximant consonant
gh_u0067u02B1,gʱ,,gʱ,breathy voiced velar stop consonant
ds_u0064u02D0u0283,dːʃ,,,
l_u02C0u006C,ˀl,,ˀl,pre-glottalized voiced alveolar lateral approximant consonant
b_u0062u02D0,bː,,bː,long voiced bilabial stop consonant
nzw_u006Eu007Au02B7,nzʷ,,,
g_u0067u02D0,gː,,gː,long voiced velar stop consonant
u_u0075u02D0u0259,uːə,,uːə,from long rounded close back to unrounded mid central diphthong
n_u02C0u006E,ˀn,,ˀn,pre-glottalized voiced alveolar nasal consonant
o_u0254u0324,ɔ̤,,ɔ̤,breathy rounded open-mid back vowel
o_u00F8,ø,,ø,rounded close-mid front vowel
tn_u0288u0273,ʈɳ,,,
n_u006Eu003A,n:,,nː,long voiced alveolar nasal consonant
ndz_u004Eu0064u032Au007Au032A,Nd̪z̪,,,
tsh_u0074u0283u033Au02B0,tʃ̺ʰ,,tʃ̺ʰ,aspirated voiceless apical post-alveolar sibilant affricate consonant
s_u0283u02E4,ʃˤ,,ʃˤ,pharyngealized voiceless post-alveolar sibilant fricative consonant
dz_u0064u0292,dʒ,,dʒ,voiced post-alveolar sibilant affricate consonant
i_u026Au02D0,ɪː,,ɪː,long unrounded near-close near-front vowel
uo_u0264u006F,ɤo,,ɤo,from unrounded close-mid back to rounded close-mid back diphthong
dz_u0064u0291,dʑ,,dʑ,voiced alveolo-palatal sibilant affricate consonant
oi_u006Fu0303u0069,õi,,õi,from nasalized rounded close-mid back to unrounded close front diphthong
e_u025Bu0324u02D0,ɛ̤ː,,ɛ̤ː,long breathy unrounded open-mid front vowel
ndw_u006Eu0064u02B7,ndʷ,,ndʷ,from voiced alveolar nasal to labialized voiced alveolar stop cluster
y_u028E,ʎ,,ʎ,voiced palatal lateral approximant consonant
w_u026Fu0303,ɯ̃,,ɯ̃,nasalized unrounded close back vowel
aeu_u00E6u0075u032F,æu̯,,æu̯,from unrounded near-open front to non-syllabic rounded close back diphthong
r_u027Eu0325,ɾ̥,,ɾ̥,devoiced voiced alveolar tap consonant
ndw_u006Eu032Au0064u032Au02B7,n̪d̪ʷ,,n̪d̪ʷ,from voiced dental nasal to labialized voiced dental stop cluster
h_u01C0u02B0,ǀʰ,,ǀʰ,aspirated voiceless dental click consonant
bj_u0253u02B2,ɓʲ,,ɓʲ,palatalized voiced bilabial implosive consonant
dzh_u0064u0320u0291u02B1u02D0,d̠ʑʱː,,,
e_u025Bu0324,ɛ̤,,ɛ̤,breathy unrounded open-mid front vowel
ae_u00E6u02D0u02E4,æːˤ,,æˤː,long pharyngealized unrounded near-open front vowel
eg_u0065u02E0,eˠ,,eˠ,velarized unrounded close-mid front vowel
oe_u0153,œ,,œ,rounded open-mid front vowel
tth_u0288u0288u02B0,ʈʈʰ,,ʈʈʰ,from voiceless retroflex stop to aspirated voiceless retroflex stop cluster
y_u0079u02D0,yː,,yː,long rounded close front vowel
ts_u0074u0282,tʂ,,ʈʂ,voiceless retroflex sibilant affricate consonant
l_u0294u006C,ʔl,,,
n_u0273u02D0,ɳː,,ɳː,long voiced retroflex nasal consonant
_u01C0,ǀ,,ǀ,voiceless dental click consonant
e_u0065u0330u0303,ḛ̃,,ḛ̃,nasalized creaky unrounded close-mid front vowel
s_u0073u033B,s̻,,s̻,voiceless laminal alveolar sibilant fricative consonant
dz_u0064u0290,dʐ,,ɖʐ,voiced retroflex sibilant affricate consonant
eo_u0065u0254,eɔ,,eɔ,from unrounded close-mid front to rounded open-mid back diphthong
u_u0289u02D0,ʉː,,ʉː,long rounded close central vowel
tc_u0074u0320u0255,t̠ɕ,,,
b_u0299,ʙ,,ʙ,voiced bilabial trill consonant
u_u0075u0324u02D1,ṳˑ,,ṳˑ,mid-long breathy rounded close back vowel
l_u006Cu02D0,lː,,lː,long voiced alveolar lateral approximant consonant
ua_u0264u0251,ɤɑ,,ɤɑ,from unrounded close-mid back to unrounded open back diphthong
aw_u0061u0077,aw,,,
n_u006Eu032Au02D0,n̪ː,,n̪ː,long voiced dental nasal consonant
v_u028Bu02D0,ʋː,,ʋː,long voiced labio-dental approximant consonant
i_u0069u0303u02D0,ĩː,,ĩː,long nasalized unrounded close front vowel
b_u03B2u02D0,βː,,βː,long voiced bilabial fricative consonant
mpw_u006Du0070u02B7,mpʷ,,mpʷ,from voiced bilabial nasal to labialized voiceless bilabial stop cluster
e_u0065u003A,e:,,eː,long unrounded close-mid front vowel
o_u0254u02D0u0259,ɔːə,,ɔːə,from long rounded open-mid back to unrounded mid central diphthong
i_u0069u02D0u02D0,iːː,,iːː,ultra-long unrounded close front vowel
fg_u0066u02E0,fˠ,,fˠ,velarized voiceless labio-dental fricative consonant
u_u028Au02E4u02D0,ʊˤː,,ʊˤː,long pharyngealized rounded near-close near-back vowel
kh_u006Bu02B0u02D0,kʰː,,kʰː,aspirated long voiceless velar stop consonant
dzh_u0064u0320u0291u02B1,d̠ʑʱ,,,
bbh_u0062u0062u02B1,bbʱ,,bbʱ,from voiced bilabial stop to breathy voiced bilabial stop cluster
wj_u0077u02B2,wʲ,,wʲ,palatalized voiced labio-velar approximant consonant
i_u026Au02D1,ɪˑ,,ɪˑ,mid-long unrounded near-close near-front vowel
nsw_u006Eu0073u02B7,nsʷ,,,
uu_u0264u0075,ɤu,,ɤu,from unrounded close-mid back to rounded close back diphthong
e_u0065u0303u02D0,ẽː,,ẽː,long nasalized unrounded close-mid front vowel
l_u026D,ɭ,,ɭ,voiced retroflex lateral approximant consonant
we_u0077u0065,we,,,
jeu_u006Au0065u0075u032F,jeu̯,,,
_u0259u0303,ə̃,,ə̃,nasalized unrounded mid central vowel
tsts_u0074u0073u0074u0073,tsts,,,
w_u0294u02B7u02D0,ʔʷː,,ʔʷː,labialized long voiceless glottal stop consonant
ei_u0065u026A,eɪ,,eɪ,from unrounded close-mid front to unrounded near-close near-front diphthong
ngg_u0294u014Bu0067,ʔŋg,,,
ia_u026Au02D0u0252u032Fu02E4,ɪːɒ̯ˤ,,ɪːɒ̯ˤ,from long unrounded near-close near-front to pharyngealized non-syllabic rounded open back diphthong
yi_u0079u0069,yi,,yi,from rounded close front to unrounded close front diphthong
_u0294u003A,ʔ:,,ʔː,long voiceless glottal stop consonant
ae_u00E6u02D0u02D0,æːː,,æːː,ultra-long unrounded near-open front vowel
o_u0254u02D1,ɔˑ,,ɔˑ,mid-long rounded open-mid back vowel
kl_u006Bu006C,kl,,,
mw_u006Du02B7u02D0,mʷː,,mʷː,labialized long voiced bilabial nasal consonant
r_u0281u031E,ʁ̞,,ʁ̞,voiced uvular approximant consonant
ei_u0065u0069u032F,ei̯,,ei̯,from unrounded close-mid front to non-syllabic unrounded close front diphthong
ts_u0074u0283u02BCu02D0,tʃʼː,,tʃʼː,long voiceless post-alveolar ejective sibilant affricate consonant
o_u00F8u02D1,øˑ,,øˑ,mid-long rounded close-mid front vowel
tstsh_u0074u0283u0074u0283u02B0,tʃtʃʰ,,,
d_u0064u003A,d:,,dː,long voiced alveolar stop consonant
tc_u0074u0255,tɕ,,tɕ,voiceless alveolo-palatal sibilant affricate consonant
l_u006Cu0325,l̥,,l̥,devoiced voiced alveolar lateral approximant consonant
ts_u0074u032Au0073u032A,t̪s̪,,ts̪,voiceless dental sibilant affricate consonant
ue_u0075u0065,ue,,ue,from rounded close back to unrounded close-mid front diphthong
gj_u0067u02B2,gʲ,,gʲ,palatalized voiced velar stop consonant
e_u0065u0303,ẽ,,ẽ,nasalized unrounded close-mid front vowel
u_u028Au02D1,ʊˑ,,ʊˑ,mid-long rounded near-close near-back vowel
nb_u004Eu0062,Nb,,,
i_u0069u02E4,iˤ,,iˤ,pharyngealized unrounded close front vowel
i_u0268,ɨ,,ɨ,unrounded close central vowel
cc_u0063u0063u0327,cç,,cç,voiceless palatal affricate consonant
fw_u0066u02B7,fʷ,,fʷ,labialized voiceless labio-dental fricative consonant
sg_u0073u02E0,sˠ,,sˠ,velarized voiceless alveolar sibilant fricative consonant
uo_u028Au032Fu0254,ʊ̯ɔ,,ʊ̯ɔ,from non-syllabic rounded near-close near-back to rounded open-mid back diphthong
ai_u0061u0069u032F,ai̯,,ai̯,from unrounded open front to non-syllabic unrounded close front diphthong
t_u0288,ʈ,,ʈ,voiceless retroflex stop consonant
gb_u0260u0253,ɠɓ,,ɠɓ,from voiced velar implosive to voiced bilabial implosive cluster
o_u0254u0303u02D0,ɔ̃ː,,ɔ̃ː,long nasalized rounded open-mid back vowel
t_u0074u02E4,tˤ,,tˤ,pharyngealized voiceless alveolar stop consonant
yo_u0079u006F,yo,,yo,from rounded close front to rounded close-mid back diphthong
w_u0077u0306,w̆,,,
dz_u0064u02D0u0291,dːʑ,,dʑː,long voiced alveolo-palatal sibilant affricate consonant
ea_u025Bu02D0u0252u032Fu02E4,ɛːɒ̯ˤ,,,
ui_u0259u028Au026A,əʊɪ,,,
_u0294,ʔ,,ʔ,voiceless glottal stop consonant
dzj_u0064u007Au02B2,dzʲ,,dzʲ,palatalized voiced alveolar sibilant affricate consonant
i_u0069u0319,i̙,,i̙,retracted-tongue-root unrounded close front vowel
mpj_u006Du0070u02B2,mpʲ,,mpʲ,from voiced bilabial nasal to palatalized voiceless bilabial stop cluster
dzh_u0064u0292u02B1u02D0,dʒʱː,,dʒʱː,long breathy voiced post-alveolar sibilant affricate consonant
ts_u0074u033Bu0073u033B,t̻s̻,,ts̻,voiceless laminal alveolar sibilant affricate consonant
aei_u00E6u0069,æi,,æi,from unrounded near-open front to unrounded close front diphthong
rh_u027Du02B1,ɽʱ,,ɽʱ,breathy voiced retroflex tap consonant
s_u0283u02D0,ʃː,,ʃː,long voiceless post-alveolar sibilant fricative consonant
ndz_u004Eu0064u0290,Ndʐ,,,
ntch_u004Eu0074u0255u02B0,Ntɕʰ,,,
j_u006Au0303,j̃,,j̃,nasalized voiced palatal approximant consonant
_u028Cu02D0,ʌː,,ʌː,long unrounded open-mid back vowel
bw_u0062u02B7u02D0,bʷː,,bʷː,labialized long voiced bilabial stop consonant
ow_u006Fu0077,ow,,,
tlh_u0074u026Cu02B0,tɬʰ,,tɬʰ,aspirated voiceless alveolar lateral affricate consonant
ddh_u0064u0064u02B1,ddʱ,,ddʱ,from voiced alveolar stop to breathy voiced alveolar stop cluster
kj_u006Bu02B2u02BC,kʲʼ,,kʼʲ,palatalized voiceless velar ejective stop consonant
ye_u0079u0065,ye,,ye,from rounded close front to unrounded close-mid front diphthong
i_u0069u031E,i̞,,i̞,lowered unrounded close front vowel
dw_u0064u032Au02B7,d̪ʷ,,d̪ʷ,labialized voiced dental stop consonant
n_u006Eu0339,n̹,,,
l_u006Cu02E4u02D0,lˤː,,lˤː,pharyngealized long voiced alveolar lateral approximant consonant
ndr_u004Eu0256u027D,Nɖɽ,,,
dz_u0064u007Au02D0,dzː,,dzː,long voiced alveolar sibilant affricate consonant
d_u0064u02E4u02D0,dˤː,,dˤː,pharyngealized long voiced alveolar stop consonant
fw_u0066u02B7u02D0,fʷː,,fʷː,labialized long voiceless labio-dental fricative consonant
eu_u025Eu028A,ɞʊ,,ɞʊ,from rounded open-mid central to rounded near-close near-back diphthong
s_u0073u02D0,sː,,sː,long voiceless alveolar sibilant fricative consonant
w_u0077u0303,w̃,,w̃,nasalized voiced labio-velar approximant consonant
ndz_u207Fu0064u0292,ⁿdʒ,,ⁿdʒ,pre-nasalized voiced post-alveolar affricate consonant
i_u026Au0303,ɪ̃,,ɪ̃,nasalized unrounded near-close near-front vowel
lw_u006Cu02B7,lʷ,,lʷ,labialized voiced alveolar lateral approximant consonant
ld_u006Cu0064,ld,,,
i_u026Au033D,ɪ̽,,ɪ̽,mid-centralized unrounded near-close near-front vowel
nt_u006Eu0074,nt,,nt,from voiced alveolar nasal to voiceless alveolar stop cluster
ia_u0069u0251,iɑ,,iɑ,from unrounded close front to unrounded open back diphthong
rw_u027Bu02B7,ɻʷ,,ɻʷ,labialized voiced retroflex approximant consonant
o_u006Fu0308,ö,,ö,centralized rounded close-mid back vowel
oe_u006Fu0065u032F,oe̯,,oe̯,from rounded close-mid back to non-syllabic unrounded close-mid front diphthong
bh_u0062u02B1u02D0,bʱː,,bʱː,long breathy voiced bilabial stop consonant
z_u007Au02E4,zˤ,,zˤ,pharyngealized voiced alveolar sibilant fricative consonant
rw_u0281u02B7u02D0,ʁʷː,,ʁʷː,labialized long voiced uvular fricative consonant
i_u0069u0330,ḭ,,ḭ,creaky unrounded close front vowel
tc_u0074u02D0u0255,tːɕ,,tɕː,long voiceless alveolo-palatal sibilant affricate consonant
xj_u0078u02B2,xʲ,,xʲ,palatalized voiceless velar fricative consonant
ui_u0075u02D0u0069,uːi,,uːi,from long rounded close back to unrounded close front diphthong
r_u027D,ɽ,,ɽ,voiced retroflex tap consonant
z_u007Au032A,z̪,,z̪,voiced dental sibilant fricative consonant
a_u0061u0324,a̤,,a̤,breathy unrounded open front vowel
s_u0283u033A,ʃ̺,,ʃ̺,voiceless apical post-alveolar sibilant fricative consonant
z_u0290,ʐ,,ʐ,voiced retroflex sibilant fricative consonant
oi_u006Fu0259u026A,oəɪ,,,
tch_u0074u0320u0255u02B0u02D0,t̠ɕʰː,,,
nggw_u014Bu0067u02B7,ŋgʷ,,ŋgʷ,from voiced velar nasal to labialized voiced velar stop cluster
wai_u0077u0061u0069u032F,wai̯,,,
e_u025Bu02D0,ɛː,,ɛː,long unrounded open-mid front vowel
ng_u006Eu032Au02E0,n̪ˠ,,n̪ˠ,velarized voiced dental nasal consonant
ii_u0069u0259u026A,iəɪ,,,
n_u006Eu02D0,nː,,nː,long voiced alveolar nasal consonant
kw_u006Bu02B7u02BCu02D0,kʷʼː,,kʼʷː,labialized long voiceless velar ejective stop consonant
tj_u0074u02B2u02D0,tʲː,,tʲː,palatalized long voiceless alveolar stop consonant
w_u02C0u0077,ˀw,,ˀw,pre-glottalized voiced labio-velar approximant consonant
tw_u0074u02B7u02BC,tʷʼ,,tʼʷ,labialized voiceless alveolar ejective stop consonant
ngk_u014Bu006B,ŋk,,ŋk,from voiced velar nasal to voiceless velar stop cluster
r_u027E,ɾ,,ɾ,voiced alveolar tap consonant
s_u0283,ʃ,,ʃ,voiceless post-alveolar sibilant fricative consonant
iou_u0069u006Fu0075,iou,,,
m_u006Du0325,m̥,,m̥,devoiced voiced bilabial nasal consonant
v_u0076u02D0,vː,,vː,long voiced labio-dental fricative consonant
ng_u014B,ŋ,,ŋ,voiced velar nasal consonant
w_u026F,ɯ,,ɯ,unrounded close back vowel
o_u006Fu02E4u02D0,oˤː,,oˤː,long pharyngealized rounded close-mid back vowel
ts_u0074u0283u0027,tʃ',,tʃʼ,voiceless post-alveolar ejective sibilant affricate consonant
u_u0075u0303u02D0,ũː,,ũː,long nasalized rounded close back vowel
qw_u0071u02B7,qʷ,,qʷ,labialized voiceless uvular stop consonant
dj_u0064u032Au02B2,d̪ʲ,,d̪ʲ,palatalized voiced dental stop consonant
ai_u0251u026A,ɑɪ,,ɑɪ,from unrounded open back to unrounded near-close near-front diphthong
